city,date,condition
"['Los Angeles, CA', 'Abilene, TX']",2018-01-01,Light rain shower
"['Los Angeles, CA', 'Abilene, TX']",2018-01-02,Light rain shower
"['Los Angeles, CA', 'Abilene, TX']",2018-01-03,Light rain shower
"['Los Angeles, CA', 'Abilene, TX']",2018-01-04,Light rain shower
"['Los Angeles, CA', 'Abilene, TX']",2018-01-05,Light rain shower
"['Los Angeles, CA', 'Abilene, TX']",2018-01-06,Moderate rain
"['Los Angeles, CA', 'Abilene, TX']",2018-01-07,Light drizzle
"['Los Angeles, CA', 'Abilene, TX']",2018-01-08,Partly cloudy
"['Los Angeles, CA', 'Abilene, TX']",2018-01-09,Light drizzle
"['Los Angeles, CA', 'Abilene, TX']",2018-01-10,Sunny
"['Los Angeles, CA', 'Abilene, TX']",2018-01-11,Sunny
"['Los Angeles, CA', 'Abilene, TX']",2018-01-12,Moderate rain at times
"['Los Angeles, CA', 'Abilene, TX']",2018-01-13,Sunny
"['Los Angeles, CA', 'Abilene, TX']",2018-01-14,Overcast
"['Los Angeles, CA', 'Abilene, TX']",2018-01-15,Partly cloudy
"['Los Angeles, CA', 'Abilene, TX']",2018-01-16,Light rain shower
"['Los Angeles, CA', 'Abilene, TX']",2018-01-17,Light drizzle
"['Los Angeles, CA', 'Abilene, TX']",2018-01-18,Overcast
"['Los Angeles, CA', 'Abilene, TX']",2018-01-19,Patchy light drizzle
"['Los Angeles, CA', 'Abilene, TX']",2018-01-20,Partly cloudy
"['Los Angeles, CA', 'Abilene, TX']",2018-01-21,Sunny
"['Los Angeles, CA', 'Abilene, TX']",2018-01-22,Light rain shower
"['Los Angeles, CA', 'Abilene, TX']",2018-01-23,Partly cloudy
"['Los Angeles, CA', 'Abilene, TX']",2018-01-24,Partly cloudy
"['Los Angeles, CA', 'Abilene, TX']",2018-01-25,Sunny
"['Los Angeles, CA', 'Abilene, TX']",2018-01-26,Light rain
"['Los Angeles, CA', 'Abilene, TX']",2018-01-27,Light rain shower
"['Los Angeles, CA', 'Abilene, TX']",2018-01-28,Partly cloudy
"['Los Angeles, CA', 'Abilene, TX']",2018-01-29,Light rain shower
"['Los Angeles, CA', 'Abilene, TX']",2018-01-30,Patchy rain possible
"['Los Angeles, CA', 'Abilene, TX']",2018-01-31,Sunny
"['Los Angeles, CA', 'Abilene, TX']",2018-02-01,Partly cloudy
"['Los Angeles, CA', 'Abilene, TX']",2018-02-02,Partly cloudy
"['Los Angeles, CA', 'Abilene, TX']",2018-02-03,Mist
"['Los Angeles, CA', 'Abilene, TX']",2018-02-04,Mist
"['Los Angeles, CA', 'Abilene, TX']",2018-02-05,Sunny
"['Los Angeles, CA', 'Abilene, TX']",2018-02-06,Light rain shower
"['Los Angeles, CA', 'Abilene, TX']",2018-02-07,Light rain shower
"['Los Angeles, CA', 'Abilene, TX']",2018-02-08,Light rain shower
"['Los Angeles, CA', 'Abilene, TX']",2018-02-09,Light rain shower
"['Los Angeles, CA', 'Abilene, TX']",2018-02-10,Patchy rain possible
"['Los Angeles, CA', 'Abilene, TX']",2018-02-11,Partly cloudy
"['Los Angeles, CA', 'Abilene, TX']",2018-02-12,Cloudy
"['Los Angeles, CA', 'Abilene, TX']",2018-02-13,Sunny
"['Los Angeles, CA', 'Abilene, TX']",2018-02-14,Light drizzle
"['Los Angeles, CA', 'Abilene, TX']",2018-02-15,Mist
"['Los Angeles, CA', 'Abilene, TX']",2018-02-16,Moderate rain
"['Los Angeles, CA', 'Abilene, TX']",2018-02-17,Moderate rain
"['Los Angeles, CA', 'Abilene, TX']",2018-02-18,Light rain
"['Los Angeles, CA', 'Abilene, TX']",2018-02-19,Light rain shower
"['Los Angeles, CA', 'Abilene, TX']",2018-02-20,Partly cloudy
"['Los Angeles, CA', 'Abilene, TX']",2018-02-21,Heavy rain
"['Los Angeles, CA', 'Abilene, TX']",2018-02-22,Partly cloudy
"['Los Angeles, CA', 'Abilene, TX']",2018-02-23,Sunny
"['Los Angeles, CA', 'Abilene, TX']",2018-02-24,Sunny
"['Los Angeles, CA', 'Abilene, TX']",2018-02-25,Light rain
"['Los Angeles, CA', 'Abilene, TX']",2018-02-26,Sunny
"['Los Angeles, CA', 'Abilene, TX']",2018-02-27,Partly cloudy
"['Los Angeles, CA', 'Abilene, TX']",2018-02-28,Light rain
"['Los Angeles, CA', 'Abilene, TX']",2018-03-01,Partly cloudy
"['Los Angeles, CA', 'Abilene, TX']",2018-03-02,Partly cloudy
"['Los Angeles, CA', 'Abilene, TX']",2018-03-03,Light rain shower
"['Los Angeles, CA', 'Abilene, TX']",2018-03-04,Partly cloudy
"['Los Angeles, CA', 'Abilene, TX']",2018-03-05,Partly cloudy
"['Los Angeles, CA', 'Abilene, TX']",2018-03-06,Partly cloudy
"['Los Angeles, CA', 'Abilene, TX']",2018-03-07,Light rain shower
"['Los Angeles, CA', 'Abilene, TX']",2018-03-08,Heavy rain
"['Los Angeles, CA', 'Abilene, TX']",2018-03-09,Partly cloudy
"['Los Angeles, CA', 'Abilene, TX']",2018-03-10,Light rain shower
"['Los Angeles, CA', 'Abilene, TX']",2018-03-11,Light rain shower
"['Los Angeles, CA', 'Abilene, TX']",2018-03-12,Patchy rain possible
"['Los Angeles, CA', 'Abilene, TX']",2018-03-13,Moderate or heavy rain shower
"['Los Angeles, CA', 'Abilene, TX']",2018-03-14,Patchy rain possible
"['Los Angeles, CA', 'Abilene, TX']",2018-03-15,Heavy rain
"['Los Angeles, CA', 'Abilene, TX']",2018-03-16,Patchy rain possible
"['Los Angeles, CA', 'Abilene, TX']",2018-03-17,Patchy rain possible
"['Los Angeles, CA', 'Abilene, TX']",2018-03-18,Light rain shower
"['Los Angeles, CA', 'Abilene, TX']",2018-03-19,Light rain shower
"['Los Angeles, CA', 'Abilene, TX']",2018-03-20,Sunny
"['Los Angeles, CA', 'Abilene, TX']",2018-03-21,Light rain shower
"['Los Angeles, CA', 'Abilene, TX']",2018-03-22,Moderate rain
"['Los Angeles, CA', 'Abilene, TX']",2018-03-23,Light rain shower
"['Los Angeles, CA', 'Abilene, TX']",2018-03-24,Sunny
"['Los Angeles, CA', 'Abilene, TX']",2018-03-25,Cloudy
"['Los Angeles, CA', 'Abilene, TX']",2018-03-26,Light rain shower
"['Los Angeles, CA', 'Abilene, TX']",2018-03-27,Moderate rain
"['Los Angeles, CA', 'Abilene, TX']",2018-03-28,Light rain shower
"['Los Angeles, CA', 'Abilene, TX']",2018-03-29,Cloudy
"['Los Angeles, CA', 'Abilene, TX']",2018-03-30,Overcast
"['Los Angeles, CA', 'Abilene, TX']",2018-03-31,Sunny
"['Los Angeles, CA', 'Abilene, TX']",2018-04-01,Sunny
"['Los Angeles, CA', 'Abilene, TX']",2018-04-02,Mist
"['Los Angeles, CA', 'Abilene, TX']",2018-04-03,Moderate rain
"['Los Angeles, CA', 'Abilene, TX']",2018-04-04,Light rain shower
"['Los Angeles, CA', 'Abilene, TX']",2018-04-05,Patchy rain possible
"['Los Angeles, CA', 'Abilene, TX']",2018-04-06,Overcast
"['Los Angeles, CA', 'Abilene, TX']",2018-04-07,Moderate rain
"['Los Angeles, CA', 'Abilene, TX']",2018-04-08,Overcast
"['Los Angeles, CA', 'Abilene, TX']",2018-04-09,Light rain shower
"['Los Angeles, CA', 'Abilene, TX']",2018-04-10,Patchy rain possible
"['Los Angeles, CA', 'Abilene, TX']",2018-04-11,Patchy rain possible
"['Los Angeles, CA', 'Abilene, TX']",2018-04-12,Partly cloudy
"['Los Angeles, CA', 'Abilene, TX']",2018-04-13,Patchy light drizzle
"['Los Angeles, CA', 'Abilene, TX']",2018-04-14,Light rain
"['Los Angeles, CA', 'Abilene, TX']",2018-04-15,Light drizzle
"['Los Angeles, CA', 'Abilene, TX']",2018-04-16,Heavy rain
"['Los Angeles, CA', 'Abilene, TX']",2018-04-17,Light rain shower
"['Los Angeles, CA', 'Abilene, TX']",2018-04-18,Moderate rain
"['Los Angeles, CA', 'Abilene, TX']",2018-04-19,Moderate rain
"['Los Angeles, CA', 'Abilene, TX']",2018-04-20,Light rain shower
"['Los Angeles, CA', 'Abilene, TX']",2018-04-21,Light rain shower
"['Los Angeles, CA', 'Abilene, TX']",2018-04-22,Sunny
"['Los Angeles, CA', 'Abilene, TX']",2018-04-23,Partly cloudy
"['Los Angeles, CA', 'Abilene, TX']",2018-04-24,Cloudy
"['Los Angeles, CA', 'Abilene, TX']",2018-04-25,Heavy rain
"['Los Angeles, CA', 'Abilene, TX']",2018-04-26,Moderate rain at times
"['Los Angeles, CA', 'Abilene, TX']",2018-04-27,Patchy rain possible
"['Los Angeles, CA', 'Abilene, TX']",2018-04-28,Partly cloudy
"['Los Angeles, CA', 'Abilene, TX']",2018-04-29,Sunny
"['Los Angeles, CA', 'Abilene, TX']",2018-04-30,Moderate rain at times
"['Los Angeles, CA', 'Abilene, TX']",2018-05-01,Moderate rain
"['Los Angeles, CA', 'Abilene, TX']",2018-05-02,Light rain shower
"['Los Angeles, CA', 'Abilene, TX']",2018-05-03,Patchy rain possible
"['Los Angeles, CA', 'Abilene, TX']",2018-05-04,Overcast
"['Los Angeles, CA', 'Abilene, TX']",2018-05-05,Light rain
"['Los Angeles, CA', 'Abilene, TX']",2018-05-06,Thundery outbreaks possible
"['Los Angeles, CA', 'Abilene, TX']",2018-05-07,Overcast
"['Los Angeles, CA', 'Abilene, TX']",2018-05-08,Sunny
"['Los Angeles, CA', 'Abilene, TX']",2018-05-09,Moderate rain
"['Los Angeles, CA', 'Abilene, TX']",2018-05-10,Moderate rain
"['Los Angeles, CA', 'Abilene, TX']",2018-05-11,Partly cloudy
"['Los Angeles, CA', 'Abilene, TX']",2018-05-12,Moderate or heavy rain with thunder
"['Los Angeles, CA', 'Abilene, TX']",2018-05-13,Light rain shower
"['Los Angeles, CA', 'Abilene, TX']",2018-05-14,Light rain shower
"['Los Angeles, CA', 'Abilene, TX']",2018-05-15,Partly cloudy
"['Los Angeles, CA', 'Abilene, TX']",2018-05-16,Moderate rain
"['Los Angeles, CA', 'Abilene, TX']",2018-05-17,Light rain shower
"['Los Angeles, CA', 'Abilene, TX']",2018-05-18,Mist
"['Los Angeles, CA', 'Abilene, TX']",2018-05-19,Heavy rain
"['Los Angeles, CA', 'Abilene, TX']",2018-05-20,Patchy rain possible
"['Los Angeles, CA', 'Abilene, TX']",2018-05-21,Patchy rain possible
"['Los Angeles, CA', 'Abilene, TX']",2018-05-22,Cloudy
"['Los Angeles, CA', 'Abilene, TX']",2018-05-23,Light drizzle
"['Los Angeles, CA', 'Abilene, TX']",2018-05-24,Light rain shower
"['Los Angeles, CA', 'Abilene, TX']",2018-05-25,Heavy rain
"['Los Angeles, CA', 'Abilene, TX']",2018-05-26,Sunny
"['Los Angeles, CA', 'Abilene, TX']",2018-05-27,Heavy rain
"['Los Angeles, CA', 'Abilene, TX']",2018-05-28,Patchy rain possible
"['Los Angeles, CA', 'Abilene, TX']",2018-05-29,Light rain shower
"['Los Angeles, CA', 'Abilene, TX']",2018-05-30,Partly cloudy
"['Los Angeles, CA', 'Abilene, TX']",2018-05-31,Cloudy
"['Los Angeles, CA', 'Abilene, TX']",2018-06-01,Partly cloudy
"['Los Angeles, CA', 'Abilene, TX']",2018-06-02,Sunny
"['Los Angeles, CA', 'Abilene, TX']",2018-06-03,Partly cloudy
"['Los Angeles, CA', 'Abilene, TX']",2018-06-04,Overcast
"['Los Angeles, CA', 'Abilene, TX']",2018-06-05,Light rain shower
"['Los Angeles, CA', 'Abilene, TX']",2018-06-06,Light rain shower
"['Los Angeles, CA', 'Abilene, TX']",2018-06-07,Heavy rain
"['Los Angeles, CA', 'Abilene, TX']",2018-06-08,Partly cloudy
"['Los Angeles, CA', 'Abilene, TX']",2018-06-09,Cloudy
"['Los Angeles, CA', 'Abilene, TX']",2018-06-10,Light rain shower
"['Los Angeles, CA', 'Abilene, TX']",2018-06-11,Partly cloudy
"['Los Angeles, CA', 'Abilene, TX']",2018-06-12,Light rain shower
"['Los Angeles, CA', 'Abilene, TX']",2018-06-13,Partly cloudy
"['Los Angeles, CA', 'Abilene, TX']",2018-06-14,Moderate rain
"['Los Angeles, CA', 'Abilene, TX']",2018-06-15,Light drizzle
"['Los Angeles, CA', 'Abilene, TX']",2018-06-16,Heavy rain
"['Los Angeles, CA', 'Abilene, TX']",2018-06-17,Moderate rain
"['Los Angeles, CA', 'Abilene, TX']",2018-06-18,Heavy rain
"['Los Angeles, CA', 'Abilene, TX']",2018-06-19,Partly cloudy
"['Los Angeles, CA', 'Abilene, TX']",2018-06-20,Moderate or heavy rain with thunder
"['Los Angeles, CA', 'Abilene, TX']",2018-06-21,Light rain shower
"['Los Angeles, CA', 'Abilene, TX']",2018-06-22,Heavy rain
"['Los Angeles, CA', 'Abilene, TX']",2018-06-23,Partly cloudy
"['Los Angeles, CA', 'Abilene, TX']",2018-06-24,Light rain shower
"['Los Angeles, CA', 'Abilene, TX']",2018-06-25,Heavy rain
"['Los Angeles, CA', 'Abilene, TX']",2018-06-26,Moderate rain
"['Los Angeles, CA', 'Abilene, TX']",2018-06-27,Light rain shower
"['Los Angeles, CA', 'Abilene, TX']",2018-06-28,Light rain shower
"['Los Angeles, CA', 'Abilene, TX']",2018-06-29,Heavy rain
"['Los Angeles, CA', 'Abilene, TX']",2018-06-30,Light drizzle
"['Los Angeles, CA', 'Abilene, TX']",2018-07-01,Sunny
"['Los Angeles, CA', 'Abilene, TX']",2018-07-02,Sunny
"['Los Angeles, CA', 'Abilene, TX']",2018-07-03,Sunny
"['Los Angeles, CA', 'Abilene, TX']",2018-07-04,Light rain
"['Los Angeles, CA', 'Abilene, TX']",2018-07-05,Light rain
"['Los Angeles, CA', 'Abilene, TX']",2018-07-06,Light drizzle
"['Los Angeles, CA', 'Abilene, TX']",2018-07-07,Sunny
"['Los Angeles, CA', 'Abilene, TX']",2018-07-08,Overcast
"['Los Angeles, CA', 'Abilene, TX']",2018-07-09,Sunny
"['Los Angeles, CA', 'Abilene, TX']",2018-07-10,Light rain
"['Los Angeles, CA', 'Abilene, TX']",2018-07-11,Light rain shower
"['Los Angeles, CA', 'Abilene, TX']",2018-07-12,Moderate rain
"['Los Angeles, CA', 'Abilene, TX']",2018-07-13,Heavy rain
"['Los Angeles, CA', 'Abilene, TX']",2018-07-14,Light rain shower
"['Los Angeles, CA', 'Abilene, TX']",2018-07-15,Patchy rain possible
"['Los Angeles, CA', 'Abilene, TX']",2018-07-16,Patchy rain possible
"['Los Angeles, CA', 'Abilene, TX']",2018-07-17,Sunny
"['Los Angeles, CA', 'Abilene, TX']",2018-07-18,Sunny
"['Los Angeles, CA', 'Abilene, TX']",2018-07-19,Sunny
"['Los Angeles, CA', 'Abilene, TX']",2018-07-20,Heavy rain
"['Los Angeles, CA', 'Abilene, TX']",2018-07-21,Patchy light rain with thunder
"['Los Angeles, CA', 'Abilene, TX']",2018-07-22,Cloudy
"['Los Angeles, CA', 'Abilene, TX']",2018-07-23,Overcast
"['Los Angeles, CA', 'Abilene, TX']",2018-07-24,Partly cloudy
"['Los Angeles, CA', 'Abilene, TX']",2018-07-25,Overcast
"['Los Angeles, CA', 'Abilene, TX']",2018-07-26,Partly cloudy
"['Los Angeles, CA', 'Abilene, TX']",2018-07-27,Partly cloudy
"['Los Angeles, CA', 'Abilene, TX']",2018-07-28,Light rain
"['Los Angeles, CA', 'Abilene, TX']",2018-07-29,Light rain shower
"['Los Angeles, CA', 'Abilene, TX']",2018-07-30,Patchy rain possible
"['Los Angeles, CA', 'Abilene, TX']",2018-07-31,Light rain shower
"['Los Angeles, CA', 'Abilene, TX']",2018-08-01,Mist
"['Los Angeles, CA', 'Abilene, TX']",2018-08-02,Moderate or heavy rain with thunder
"['Los Angeles, CA', 'Abilene, TX']",2018-08-03,Light rain shower
"['Los Angeles, CA', 'Abilene, TX']",2018-08-04,Heavy rain
"['Los Angeles, CA', 'Abilene, TX']",2018-08-05,Light rain shower
"['Los Angeles, CA', 'Abilene, TX']",2018-08-06,Moderate rain
"['Los Angeles, CA', 'Abilene, TX']",2018-08-07,Patchy rain possible
"['Los Angeles, CA', 'Abilene, TX']",2018-08-08,Cloudy
"['Los Angeles, CA', 'Abilene, TX']",2018-08-09,Moderate rain
"['Los Angeles, CA', 'Abilene, TX']",2018-08-10,Mist
"['Los Angeles, CA', 'Abilene, TX']",2018-08-11,Moderate or heavy rain shower
"['Los Angeles, CA', 'Abilene, TX']",2018-08-12,Light rain shower
"['Los Angeles, CA', 'Abilene, TX']",2018-08-13,Sunny
"['Los Angeles, CA', 'Abilene, TX']",2018-08-14,Overcast
"['Los Angeles, CA', 'Abilene, TX']",2018-08-15,Light rain shower
"['Los Angeles, CA', 'Abilene, TX']",2018-08-16,Light rain shower
"['Los Angeles, CA', 'Abilene, TX']",2018-08-17,Moderate rain
"['Los Angeles, CA', 'Abilene, TX']",2018-08-18,Patchy rain possible
"['Los Angeles, CA', 'Abilene, TX']",2018-08-19,Sunny
"['Los Angeles, CA', 'Abilene, TX']",2018-08-20,Partly cloudy
"['Los Angeles, CA', 'Abilene, TX']",2018-08-21,Overcast
"['Los Angeles, CA', 'Abilene, TX']",2018-08-22,Light rain shower
"['Los Angeles, CA', 'Abilene, TX']",2018-08-23,Light rain shower
"['Los Angeles, CA', 'Abilene, TX']",2018-08-24,Moderate rain
"['Los Angeles, CA', 'Abilene, TX']",2018-08-25,Moderate rain
"['Los Angeles, CA', 'Abilene, TX']",2018-08-26,Moderate rain
"['Los Angeles, CA', 'Abilene, TX']",2018-08-27,Light rain shower
"['Los Angeles, CA', 'Abilene, TX']",2018-08-28,Heavy rain
"['Los Angeles, CA', 'Abilene, TX']",2018-08-29,Sunny
"['Los Angeles, CA', 'Abilene, TX']",2018-08-30,Sunny
"['Los Angeles, CA', 'Abilene, TX']",2018-08-31,Sunny
"['Los Angeles, CA', 'Abilene, TX']",2018-09-01,Heavy rain
"['Los Angeles, CA', 'Abilene, TX']",2018-09-02,Sunny
"['Los Angeles, CA', 'Abilene, TX']",2018-09-03,Light rain
"['Los Angeles, CA', 'Abilene, TX']",2018-09-04,Moderate rain
"['Los Angeles, CA', 'Abilene, TX']",2018-09-05,Moderate rain
"['Los Angeles, CA', 'Abilene, TX']",2018-09-06,Light rain shower
"['Los Angeles, CA', 'Abilene, TX']",2018-09-07,Cloudy
"['Los Angeles, CA', 'Abilene, TX']",2018-09-08,Sunny
"['Los Angeles, CA', 'Abilene, TX']",2018-09-09,Partly cloudy
"['Los Angeles, CA', 'Abilene, TX']",2018-09-10,Light drizzle
"['Los Angeles, CA', 'Abilene, TX']",2018-09-11,Mist
"['Los Angeles, CA', 'Abilene, TX']",2018-09-12,Light rain shower
"['Los Angeles, CA', 'Abilene, TX']",2018-09-13,Partly cloudy
"['Los Angeles, CA', 'Abilene, TX']",2018-09-14,Overcast
"['Los Angeles, CA', 'Abilene, TX']",2018-09-15,Light rain shower
"['Los Angeles, CA', 'Abilene, TX']",2018-09-16,Moderate or heavy rain with thunder
"['Los Angeles, CA', 'Abilene, TX']",2018-09-17,Moderate or heavy rain with thunder
"['Los Angeles, CA', 'Abilene, TX']",2018-09-18,Light rain shower
"['Los Angeles, CA', 'Abilene, TX']",2018-09-19,Light rain
"['Los Angeles, CA', 'Abilene, TX']",2018-09-20,Light rain shower
"['Los Angeles, CA', 'Abilene, TX']",2018-09-21,Heavy rain
"['Los Angeles, CA', 'Abilene, TX']",2018-09-22,Moderate or heavy rain with thunder
"['Los Angeles, CA', 'Abilene, TX']",2018-09-23,Light rain shower
"['Los Angeles, CA', 'Abilene, TX']",2018-09-24,Heavy rain at times
"['Los Angeles, CA', 'Abilene, TX']",2018-09-25,Patchy rain possible
"['Los Angeles, CA', 'Abilene, TX']",2018-09-26,Overcast
"['Los Angeles, CA', 'Abilene, TX']",2018-09-27,Moderate rain
"['Los Angeles, CA', 'Abilene, TX']",2018-09-28,Light rain shower
"['Los Angeles, CA', 'Abilene, TX']",2018-09-29,Light rain shower
"['Los Angeles, CA', 'Abilene, TX']",2018-09-30,Thundery outbreaks possible
"['Los Angeles, CA', 'Abilene, TX']",2018-10-01,Heavy rain
"['Los Angeles, CA', 'Abilene, TX']",2018-10-02,Patchy rain possible
"['Los Angeles, CA', 'Abilene, TX']",2018-10-03,Light rain shower
"['Los Angeles, CA', 'Abilene, TX']",2018-10-04,Partly cloudy
"['Los Angeles, CA', 'Abilene, TX']",2018-10-05,Overcast
"['Los Angeles, CA', 'Abilene, TX']",2018-10-06,Moderate rain
"['Los Angeles, CA', 'Abilene, TX']",2018-10-07,Light rain shower
"['Los Angeles, CA', 'Abilene, TX']",2018-10-08,Light rain shower
"['Los Angeles, CA', 'Abilene, TX']",2018-10-09,Light rain shower
"['Los Angeles, CA', 'Abilene, TX']",2018-10-10,Sunny
"['Los Angeles, CA', 'Abilene, TX']",2018-10-11,Partly cloudy
"['Los Angeles, CA', 'Abilene, TX']",2018-10-12,Overcast
"['Los Angeles, CA', 'Abilene, TX']",2018-10-13,Moderate rain
"['Los Angeles, CA', 'Abilene, TX']",2018-10-14,Heavy rain
"['Los Angeles, CA', 'Abilene, TX']",2018-10-15,Light rain shower
"['Los Angeles, CA', 'Abilene, TX']",2018-10-16,Light rain shower
"['Los Angeles, CA', 'Abilene, TX']",2018-10-17,Light rain shower
"['Los Angeles, CA', 'Abilene, TX']",2018-10-18,Moderate rain
"['Los Angeles, CA', 'Abilene, TX']",2018-10-19,Moderate rain at times
"['Los Angeles, CA', 'Abilene, TX']",2018-10-20,Light rain shower
"['Los Angeles, CA', 'Abilene, TX']",2018-10-21,Light rain shower
"['Los Angeles, CA', 'Abilene, TX']",2018-10-22,Partly cloudy
"['Los Angeles, CA', 'Abilene, TX']",2018-10-23,Partly cloudy
"['Los Angeles, CA', 'Abilene, TX']",2018-10-24,Partly cloudy
"['Los Angeles, CA', 'Abilene, TX']",2018-10-25,Overcast
"['Los Angeles, CA', 'Abilene, TX']",2018-10-26,Light rain
"['Los Angeles, CA', 'Abilene, TX']",2018-10-27,Light rain
"['Los Angeles, CA', 'Abilene, TX']",2018-10-28,Moderate or heavy rain with thunder
"['Los Angeles, CA', 'Abilene, TX']",2018-10-29,Light rain shower
"['Los Angeles, CA', 'Abilene, TX']",2018-10-30,Light rain shower
"['Los Angeles, CA', 'Abilene, TX']",2018-10-31,Partly cloudy
"['Los Angeles, CA', 'Abilene, TX']",2018-11-01,Overcast
"['Los Angeles, CA', 'Abilene, TX']",2018-11-02,Light rain shower
"['Los Angeles, CA', 'Abilene, TX']",2018-11-03,Heavy rain
"['Los Angeles, CA', 'Abilene, TX']",2018-11-04,Light rain shower
"['Los Angeles, CA', 'Abilene, TX']",2018-11-05,Light rain shower
"['Los Angeles, CA', 'Abilene, TX']",2018-11-06,Sunny
"['Los Angeles, CA', 'Abilene, TX']",2018-11-07,Overcast
"['Los Angeles, CA', 'Abilene, TX']",2018-11-08,Heavy rain
"['Los Angeles, CA', 'Abilene, TX']",2018-11-09,Fog
"['Los Angeles, CA', 'Abilene, TX']",2018-11-10,Moderate or heavy rain shower
"['Los Angeles, CA', 'Abilene, TX']",2018-11-11,Moderate or heavy rain shower
"['Los Angeles, CA', 'Abilene, TX']",2018-11-12,Cloudy
"['Los Angeles, CA', 'Abilene, TX']",2018-11-13,Overcast
"['Los Angeles, CA', 'Abilene, TX']",2018-11-14,Moderate rain
"['Los Angeles, CA', 'Abilene, TX']",2018-11-15,Partly cloudy
"['Los Angeles, CA', 'Abilene, TX']",2018-11-16,Patchy light rain
"['Los Angeles, CA', 'Abilene, TX']",2018-11-17,Light rain shower
"['Los Angeles, CA', 'Abilene, TX']",2018-11-18,Light rain shower
"['Los Angeles, CA', 'Abilene, TX']",2018-11-19,Moderate rain
"['Los Angeles, CA', 'Abilene, TX']",2018-11-20,Light rain shower
"['Los Angeles, CA', 'Abilene, TX']",2018-11-21,Heavy rain
"['Los Angeles, CA', 'Abilene, TX']",2018-11-22,Light rain shower
"['Los Angeles, CA', 'Abilene, TX']",2018-11-23,Light rain shower
"['Los Angeles, CA', 'Abilene, TX']",2018-11-24,Cloudy
"['Los Angeles, CA', 'Abilene, TX']",2018-11-25,Partly cloudy
"['Los Angeles, CA', 'Abilene, TX']",2018-11-26,Partly cloudy
"['Los Angeles, CA', 'Abilene, TX']",2018-11-27,Overcast
"['Los Angeles, CA', 'Abilene, TX']",2018-11-28,Partly cloudy
"['Los Angeles, CA', 'Abilene, TX']",2018-11-29,Heavy rain
"['Los Angeles, CA', 'Abilene, TX']",2018-11-30,Sunny
"['Los Angeles, CA', 'Abilene, TX']",2018-12-01,Sunny
"['Los Angeles, CA', 'Abilene, TX']",2018-12-02,Sunny
"['Los Angeles, CA', 'Abilene, TX']",2018-12-03,Overcast
"['Los Angeles, CA', 'Abilene, TX']",2018-12-04,Light drizzle
"['Los Angeles, CA', 'Abilene, TX']",2018-12-05,Partly cloudy
"['Los Angeles, CA', 'Abilene, TX']",2018-12-06,Sunny
"['Los Angeles, CA', 'Abilene, TX']",2018-12-07,Sunny
"['Los Angeles, CA', 'Abilene, TX']",2018-12-08,Moderate or heavy rain shower
"['Los Angeles, CA', 'Abilene, TX']",2018-12-09,Light rain shower
"['Los Angeles, CA', 'Abilene, TX']",2018-12-10,Light rain shower
"['Los Angeles, CA', 'Abilene, TX']",2018-12-11,Moderate rain at times
"['Los Angeles, CA', 'Abilene, TX']",2018-12-12,Cloudy
"['Los Angeles, CA', 'Abilene, TX']",2018-12-13,Light rain shower
"['Los Angeles, CA', 'Abilene, TX']",2018-12-14,Light rain shower
"['Los Angeles, CA', 'Abilene, TX']",2018-12-15,Heavy rain
"['Los Angeles, CA', 'Abilene, TX']",2018-12-16,Light rain shower
"['Los Angeles, CA', 'Abilene, TX']",2018-12-17,Sunny
"['Los Angeles, CA', 'Abilene, TX']",2018-12-18,Sunny
"['Los Angeles, CA', 'Abilene, TX']",2018-12-19,Light rain shower
"['Los Angeles, CA', 'Abilene, TX']",2018-12-20,Partly cloudy
"['Los Angeles, CA', 'Abilene, TX']",2018-12-21,Cloudy
"['Los Angeles, CA', 'Abilene, TX']",2018-12-22,Light rain shower
"['Los Angeles, CA', 'Abilene, TX']",2018-12-23,Partly cloudy
"['Los Angeles, CA', 'Abilene, TX']",2018-12-24,Light rain shower
"['Los Angeles, CA', 'Abilene, TX']",2018-12-25,Light rain
"['Los Angeles, CA', 'Abilene, TX']",2018-12-26,Light rain shower
"['Los Angeles, CA', 'Abilene, TX']",2018-12-27,Overcast
"['Los Angeles, CA', 'Abilene, TX']",2018-12-28,Light rain shower
"['Los Angeles, CA', 'Abilene, TX']",2018-12-29,Heavy rain at times
"['Los Angeles, CA', 'Abilene, TX']",2018-12-30,Light rain shower
"['Los Angeles, CA', 'Abilene, TX']",2018-12-31,Heavy rain
"['Los Angeles, CA', 'Abilene, TX']",2019-01-01,Light rain shower
"['Los Angeles, CA', 'Abilene, TX']",2019-01-02,Partly cloudy
"['Los Angeles, CA', 'Abilene, TX']",2019-01-03,Moderate rain
"['Los Angeles, CA', 'Abilene, TX']",2019-01-04,Cloudy
"['Los Angeles, CA', 'Abilene, TX']",2019-01-05,Overcast
"['Los Angeles, CA', 'Abilene, TX']",2019-01-06,Light rain shower
"['Los Angeles, CA', 'Abilene, TX']",2019-01-07,Light rain shower
"['Los Angeles, CA', 'Abilene, TX']",2019-01-08,Light rain shower
"['Los Angeles, CA', 'Abilene, TX']",2019-01-09,Partly cloudy
"['Los Angeles, CA', 'Abilene, TX']",2019-01-10,Sunny
"['Los Angeles, CA', 'Abilene, TX']",2019-01-11,Heavy rain
"['Los Angeles, CA', 'Abilene, TX']",2019-01-12,Moderate rain
"['Los Angeles, CA', 'Abilene, TX']",2019-01-13,Sunny
"['Los Angeles, CA', 'Abilene, TX']",2019-01-14,Sunny
"['Los Angeles, CA', 'Abilene, TX']",2019-01-15,Moderate rain
"['Los Angeles, CA', 'Abilene, TX']",2019-01-16,Light rain shower
"['Los Angeles, CA', 'Abilene, TX']",2019-01-17,Partly cloudy
"['Los Angeles, CA', 'Abilene, TX']",2019-01-18,Sunny
"['Los Angeles, CA', 'Abilene, TX']",2019-01-19,Partly cloudy
"['Los Angeles, CA', 'Abilene, TX']",2019-01-20,Light rain
"['Los Angeles, CA', 'Abilene, TX']",2019-01-21,Partly cloudy
"['Los Angeles, CA', 'Abilene, TX']",2019-01-22,Partly cloudy
"['Los Angeles, CA', 'Abilene, TX']",2019-01-23,Sunny
"['Los Angeles, CA', 'Abilene, TX']",2019-01-24,Cloudy
"['Los Angeles, CA', 'Abilene, TX']",2019-01-25,Moderate rain
"['Los Angeles, CA', 'Abilene, TX']",2019-01-26,Sunny
"['Los Angeles, CA', 'Abilene, TX']",2019-01-27,Overcast
"['Los Angeles, CA', 'Abilene, TX']",2019-01-28,Light rain shower
"['Los Angeles, CA', 'Abilene, TX']",2019-01-29,Patchy light drizzle
"['Los Angeles, CA', 'Abilene, TX']",2019-01-30,Cloudy
"['Los Angeles, CA', 'Abilene, TX']",2019-01-31,Light rain shower
"['Los Angeles, CA', 'Abilene, TX']",2019-02-01,Partly cloudy
"['Los Angeles, CA', 'Abilene, TX']",2019-02-02,Sunny
"['Los Angeles, CA', 'Abilene, TX']",2019-02-03,Sunny
"['Los Angeles, CA', 'Abilene, TX']",2019-02-04,Sunny
"['Los Angeles, CA', 'Abilene, TX']",2019-02-05,Cloudy
"['Los Angeles, CA', 'Abilene, TX']",2019-02-06,Sunny
"['Los Angeles, CA', 'Abilene, TX']",2019-02-07,Sunny
"['Los Angeles, CA', 'Abilene, TX']",2019-02-08,Patchy rain possible
"['Los Angeles, CA', 'Abilene, TX']",2019-02-09,Light rain shower
"['Los Angeles, CA', 'Abilene, TX']",2019-02-10,Light rain shower
"['Los Angeles, CA', 'Abilene, TX']",2019-02-11,Sunny
"['Los Angeles, CA', 'Abilene, TX']",2019-02-12,Sunny
"['Los Angeles, CA', 'Abilene, TX']",2019-02-13,Sunny
"['Los Angeles, CA', 'Abilene, TX']",2019-02-14,Cloudy
"['Los Angeles, CA', 'Abilene, TX']",2019-02-15,Sunny
"['Los Angeles, CA', 'Abilene, TX']",2019-02-16,Sunny
"['Los Angeles, CA', 'Abilene, TX']",2019-02-17,Partly cloudy
"['Los Angeles, CA', 'Abilene, TX']",2019-02-18,Heavy rain
"['Los Angeles, CA', 'Abilene, TX']",2019-02-19,Cloudy
"['Los Angeles, CA', 'Abilene, TX']",2019-02-20,Moderate rain
"['Los Angeles, CA', 'Abilene, TX']",2019-02-21,Light rain
"['Los Angeles, CA', 'Abilene, TX']",2019-02-22,Partly cloudy
"['Los Angeles, CA', 'Abilene, TX']",2019-02-23,Light rain shower
"['Los Angeles, CA', 'Abilene, TX']",2019-02-24,Light rain shower
"['Los Angeles, CA', 'Abilene, TX']",2019-02-25,Cloudy
"['Los Angeles, CA', 'Abilene, TX']",2019-02-26,Cloudy
"['Los Angeles, CA', 'Abilene, TX']",2019-02-27,Partly cloudy
"['Los Angeles, CA', 'Abilene, TX']",2019-02-28,Light drizzle
"['Los Angeles, CA', 'Abilene, TX']",2019-03-01,Light rain shower
"['Los Angeles, CA', 'Abilene, TX']",2019-03-02,Overcast
"['Los Angeles, CA', 'Abilene, TX']",2019-03-03,Light rain shower
"['Los Angeles, CA', 'Abilene, TX']",2019-03-04,Light rain shower
"['Los Angeles, CA', 'Abilene, TX']",2019-03-05,Light rain shower
"['Los Angeles, CA', 'Abilene, TX']",2019-03-06,Light rain shower
"['Los Angeles, CA', 'Abilene, TX']",2019-03-07,Light rain shower
"['Los Angeles, CA', 'Abilene, TX']",2019-03-08,Sunny
"['Los Angeles, CA', 'Abilene, TX']",2019-03-09,Sunny
"['Los Angeles, CA', 'Abilene, TX']",2019-03-10,Sunny
"['Los Angeles, CA', 'Abilene, TX']",2019-03-11,Sunny
"['Los Angeles, CA', 'Abilene, TX']",2019-03-12,Partly cloudy
"['Los Angeles, CA', 'Abilene, TX']",2019-03-13,Light drizzle
"['Los Angeles, CA', 'Abilene, TX']",2019-03-14,Partly cloudy
"['Los Angeles, CA', 'Abilene, TX']",2019-03-15,Sunny
"['Los Angeles, CA', 'Abilene, TX']",2019-03-16,Sunny
"['Los Angeles, CA', 'Abilene, TX']",2019-03-17,Light rain
"['Los Angeles, CA', 'Abilene, TX']",2019-03-18,Light rain shower
"['Los Angeles, CA', 'Abilene, TX']",2019-03-19,Cloudy
"['Los Angeles, CA', 'Abilene, TX']",2019-03-20,Light drizzle
"['Los Angeles, CA', 'Abilene, TX']",2019-03-21,Moderate rain
"['Los Angeles, CA', 'Abilene, TX']",2019-03-22,Moderate rain
"['Los Angeles, CA', 'Abilene, TX']",2019-03-23,Overcast
"['Los Angeles, CA', 'Abilene, TX']",2019-03-24,Partly cloudy
"['Los Angeles, CA', 'Abilene, TX']",2019-03-25,Cloudy
"['Los Angeles, CA', 'Abilene, TX']",2019-03-26,Sunny
"['Los Angeles, CA', 'Abilene, TX']",2019-03-27,Sunny
"['Los Angeles, CA', 'Abilene, TX']",2019-03-28,Partly cloudy
"['Los Angeles, CA', 'Abilene, TX']",2019-03-29,Light drizzle
"['Los Angeles, CA', 'Abilene, TX']",2019-03-30,Light rain
"['Los Angeles, CA', 'Abilene, TX']",2019-03-31,Light drizzle
"['Los Angeles, CA', 'Abilene, TX']",2019-04-01,Moderate rain
"['Los Angeles, CA', 'Abilene, TX']",2019-04-02,Mist
"['Los Angeles, CA', 'Abilene, TX']",2019-04-03,Heavy rain
"['Los Angeles, CA', 'Abilene, TX']",2019-04-04,Cloudy
"['Los Angeles, CA', 'Abilene, TX']",2019-04-05,Partly cloudy
"['Los Angeles, CA', 'Abilene, TX']",2019-04-06,Light rain
"['Los Angeles, CA', 'Abilene, TX']",2019-04-07,Mist
"['Los Angeles, CA', 'Abilene, TX']",2019-04-08,Light rain shower
"['Los Angeles, CA', 'Abilene, TX']",2019-04-09,Light rain shower
"['Los Angeles, CA', 'Abilene, TX']",2019-04-10,Partly cloudy
"['Los Angeles, CA', 'Abilene, TX']",2019-04-11,Sunny
"['Los Angeles, CA', 'Abilene, TX']",2019-04-12,Heavy rain
"['Los Angeles, CA', 'Abilene, TX']",2019-04-13,Light rain shower
"['Los Angeles, CA', 'Abilene, TX']",2019-04-14,Light rain shower
"['Los Angeles, CA', 'Abilene, TX']",2019-04-15,Partly cloudy
"['Los Angeles, CA', 'Abilene, TX']",2019-04-16,Moderate or heavy rain with thunder
"['Los Angeles, CA', 'Abilene, TX']",2019-04-17,Partly cloudy
"['Los Angeles, CA', 'Abilene, TX']",2019-04-18,Mist
"['Los Angeles, CA', 'Abilene, TX']",2019-04-19,Cloudy
"['Los Angeles, CA', 'Abilene, TX']",2019-04-20,Mist
"['Los Angeles, CA', 'Abilene, TX']",2019-04-21,Mist
"['Los Angeles, CA', 'Abilene, TX']",2019-04-22,Mist
"['Los Angeles, CA', 'Abilene, TX']",2019-04-23,Mist
"['Los Angeles, CA', 'Abilene, TX']",2019-04-24,Sunny
"['Los Angeles, CA', 'Abilene, TX']",2019-04-25,Mist
"['Los Angeles, CA', 'Abilene, TX']",2019-04-26,Moderate rain
"['Los Angeles, CA', 'Abilene, TX']",2019-04-27,Moderate or heavy rain with thunder
"['Los Angeles, CA', 'Abilene, TX']",2019-04-28,Light drizzle
"['Los Angeles, CA', 'Abilene, TX']",2019-04-29,Patchy rain possible
"['Los Angeles, CA', 'Abilene, TX']",2019-04-30,Light rain shower
"['Los Angeles, CA', 'Abilene, TX']",2019-05-01,Heavy rain
"['Los Angeles, CA', 'Abilene, TX']",2019-05-02,Sunny
"['Los Angeles, CA', 'Abilene, TX']",2019-05-03,Light rain shower
"['Los Angeles, CA', 'Abilene, TX']",2019-05-04,Moderate or heavy rain shower
"['Los Angeles, CA', 'Abilene, TX']",2019-05-05,Mist
"['Los Angeles, CA', 'Abilene, TX']",2019-05-06,Partly cloudy
"['Los Angeles, CA', 'Abilene, TX']",2019-05-07,Light rain shower
"['Los Angeles, CA', 'Abilene, TX']",2019-05-08,Light drizzle
"['Los Angeles, CA', 'Abilene, TX']",2019-05-09,Light rain
"['Los Angeles, CA', 'Abilene, TX']",2019-05-10,Moderate rain
"['Los Angeles, CA', 'Abilene, TX']",2019-05-11,Light rain shower
"['Los Angeles, CA', 'Abilene, TX']",2019-05-12,Light rain shower
"['Los Angeles, CA', 'Abilene, TX']",2019-05-13,Sunny
"['Los Angeles, CA', 'Abilene, TX']",2019-05-14,Partly cloudy
"['Los Angeles, CA', 'Abilene, TX']",2019-05-15,Overcast
"['Los Angeles, CA', 'Abilene, TX']",2019-05-16,Heavy rain
"['Los Angeles, CA', 'Abilene, TX']",2019-05-17,Light rain shower
"['Los Angeles, CA', 'Abilene, TX']",2019-05-18,Light rain shower
"['Los Angeles, CA', 'Abilene, TX']",2019-05-19,Patchy rain possible
"['Los Angeles, CA', 'Abilene, TX']",2019-05-20,Sunny
"['Los Angeles, CA', 'Abilene, TX']",2019-05-21,Partly cloudy
"['Los Angeles, CA', 'Abilene, TX']",2019-05-22,Sunny
"['Los Angeles, CA', 'Abilene, TX']",2019-05-23,Partly cloudy
"['Los Angeles, CA', 'Abilene, TX']",2019-05-24,Light rain shower
"['Los Angeles, CA', 'Abilene, TX']",2019-05-25,Light drizzle
"['Los Angeles, CA', 'Abilene, TX']",2019-05-26,Overcast
"['Los Angeles, CA', 'Abilene, TX']",2019-05-27,Patchy rain possible
"['Los Angeles, CA', 'Abilene, TX']",2019-05-28,Partly cloudy
"['Los Angeles, CA', 'Abilene, TX']",2019-05-29,Overcast
"['Los Angeles, CA', 'Abilene, TX']",2019-05-30,Moderate or heavy rain with thunder
"['Los Angeles, CA', 'Abilene, TX']",2019-05-31,Heavy rain
"['Los Angeles, CA', 'Abilene, TX']",2019-06-01,Light rain
"['Los Angeles, CA', 'Abilene, TX']",2019-06-02,Cloudy
"['Los Angeles, CA', 'Abilene, TX']",2019-06-03,Moderate or heavy rain with thunder
"['Los Angeles, CA', 'Abilene, TX']",2019-06-04,Light rain shower
"['Los Angeles, CA', 'Abilene, TX']",2019-06-05,Moderate or heavy rain with thunder
"['Los Angeles, CA', 'Abilene, TX']",2019-06-06,Patchy rain possible
"['Los Angeles, CA', 'Abilene, TX']",2019-06-07,Light rain shower
"['Los Angeles, CA', 'Abilene, TX']",2019-06-08,Heavy rain
"['Los Angeles, CA', 'Abilene, TX']",2019-06-09,Patchy rain possible
"['Los Angeles, CA', 'Abilene, TX']",2019-06-10,Light rain shower
"['Los Angeles, CA', 'Abilene, TX']",2019-06-11,Partly cloudy
"['Los Angeles, CA', 'Abilene, TX']",2019-06-12,Overcast
"['Los Angeles, CA', 'Abilene, TX']",2019-06-13,Overcast
"['Los Angeles, CA', 'Abilene, TX']",2019-06-14,Partly cloudy
"['Los Angeles, CA', 'Abilene, TX']",2019-06-15,Sunny
"['Los Angeles, CA', 'Abilene, TX']",2019-06-16,Partly cloudy
"['Los Angeles, CA', 'Abilene, TX']",2019-06-17,Sunny
"['Los Angeles, CA', 'Abilene, TX']",2019-06-18,Light rain shower
"['Los Angeles, CA', 'Abilene, TX']",2019-06-19,Light rain
"['Los Angeles, CA', 'Abilene, TX']",2019-06-20,Light rain
"['Los Angeles, CA', 'Abilene, TX']",2019-06-21,Moderate or heavy rain shower
"['Los Angeles, CA', 'Abilene, TX']",2019-06-22,Light rain shower
"['Los Angeles, CA', 'Abilene, TX']",2019-06-23,Light rain shower
"['Los Angeles, CA', 'Abilene, TX']",2019-06-24,Patchy rain possible
"['Los Angeles, CA', 'Abilene, TX']",2019-06-25,Light rain shower
"['Los Angeles, CA', 'Abilene, TX']",2019-06-26,Light rain shower
"['Los Angeles, CA', 'Abilene, TX']",2019-06-27,Moderate rain
"['Los Angeles, CA', 'Abilene, TX']",2019-06-28,Sunny
"['Los Angeles, CA', 'Abilene, TX']",2019-06-29,Light rain
"['Los Angeles, CA', 'Abilene, TX']",2019-06-30,Partly cloudy
"['Los Angeles, CA', 'Abilene, TX']",2019-07-01,Heavy rain
"['Los Angeles, CA', 'Abilene, TX']",2019-07-02,Light rain shower
"['Los Angeles, CA', 'Abilene, TX']",2019-07-03,Light rain shower
"['Los Angeles, CA', 'Abilene, TX']",2019-07-04,Partly cloudy
"['Los Angeles, CA', 'Abilene, TX']",2019-07-05,Overcast
"['Los Angeles, CA', 'Abilene, TX']",2019-07-06,Overcast
"['Los Angeles, CA', 'Abilene, TX']",2019-07-07,Light rain
"['Los Angeles, CA', 'Abilene, TX']",2019-07-08,Light rain
"['Los Angeles, CA', 'Abilene, TX']",2019-07-09,Light rain
"['Los Angeles, CA', 'Abilene, TX']",2019-07-10,Patchy rain possible
"['Los Angeles, CA', 'Abilene, TX']",2019-07-11,Patchy light drizzle
"['Los Angeles, CA', 'Abilene, TX']",2019-07-12,Moderate rain
"['Los Angeles, CA', 'Abilene, TX']",2019-07-13,Light rain shower
"['Los Angeles, CA', 'Abilene, TX']",2019-07-14,Light rain shower
"['Los Angeles, CA', 'Abilene, TX']",2019-07-15,Light rain
"['Los Angeles, CA', 'Abilene, TX']",2019-07-16,Moderate or heavy rain with thunder
"['Los Angeles, CA', 'Abilene, TX']",2019-07-17,Light rain shower
"['Los Angeles, CA', 'Abilene, TX']",2019-07-18,Patchy rain possible
"['Los Angeles, CA', 'Abilene, TX']",2019-07-19,Light rain shower
"['Los Angeles, CA', 'Abilene, TX']",2019-07-20,Light rain shower
"['Los Angeles, CA', 'Abilene, TX']",2019-07-21,Patchy rain possible
"['Los Angeles, CA', 'Abilene, TX']",2019-07-22,Light rain shower
"['Los Angeles, CA', 'Abilene, TX']",2019-07-23,Light rain shower
"['Los Angeles, CA', 'Abilene, TX']",2019-07-24,Sunny
"['Los Angeles, CA', 'Abilene, TX']",2019-07-25,Moderate rain
"['Los Angeles, CA', 'Abilene, TX']",2019-07-26,Partly cloudy
"['Los Angeles, CA', 'Abilene, TX']",2019-07-27,Partly cloudy
"['Los Angeles, CA', 'Abilene, TX']",2019-07-28,Moderate rain
"['Los Angeles, CA', 'Abilene, TX']",2019-07-29,Light rain shower
"['Los Angeles, CA', 'Abilene, TX']",2019-07-30,Light rain shower
"['Los Angeles, CA', 'Abilene, TX']",2019-07-31,Moderate or heavy rain with thunder
"['Los Angeles, CA', 'Abilene, TX']",2019-08-01,Light rain shower
"['Los Angeles, CA', 'Abilene, TX']",2019-08-02,Light rain shower
"['Los Angeles, CA', 'Abilene, TX']",2019-08-03,Light rain shower
"['Los Angeles, CA', 'Abilene, TX']",2019-08-04,Cloudy
"['Los Angeles, CA', 'Abilene, TX']",2019-08-05,Light rain shower
"['Los Angeles, CA', 'Abilene, TX']",2019-08-06,Light rain shower
"['Los Angeles, CA', 'Abilene, TX']",2019-08-07,Light rain shower
"['Los Angeles, CA', 'Abilene, TX']",2019-08-08,Cloudy
"['Los Angeles, CA', 'Abilene, TX']",2019-08-09,Moderate rain
"['Los Angeles, CA', 'Abilene, TX']",2019-08-10,Heavy rain
"['Los Angeles, CA', 'Abilene, TX']",2019-08-11,Light rain shower
"['Los Angeles, CA', 'Abilene, TX']",2019-08-12,Light rain shower
"['Los Angeles, CA', 'Abilene, TX']",2019-08-13,Sunny
"['Los Angeles, CA', 'Abilene, TX']",2019-08-14,Sunny
"['Los Angeles, CA', 'Abilene, TX']",2019-08-15,Light rain shower
"['Los Angeles, CA', 'Abilene, TX']",2019-08-16,Light rain shower
"['Los Angeles, CA', 'Abilene, TX']",2019-08-17,Patchy rain possible
"['Los Angeles, CA', 'Abilene, TX']",2019-08-18,Partly cloudy
"['Los Angeles, CA', 'Abilene, TX']",2019-08-19,Partly cloudy
"['Los Angeles, CA', 'Abilene, TX']",2019-08-20,Light rain
"['Los Angeles, CA', 'Abilene, TX']",2019-08-21,Light rain shower
"['Los Angeles, CA', 'Abilene, TX']",2019-08-22,Cloudy
"['Los Angeles, CA', 'Abilene, TX']",2019-08-23,Light rain shower
"['Los Angeles, CA', 'Abilene, TX']",2019-08-24,Light rain shower
"['Los Angeles, CA', 'Abilene, TX']",2019-08-25,Light rain
"['Los Angeles, CA', 'Abilene, TX']",2019-08-26,Patchy rain possible
"['Los Angeles, CA', 'Abilene, TX']",2019-08-27,Heavy rain
"['Los Angeles, CA', 'Abilene, TX']",2019-08-28,Light rain shower
"['Los Angeles, CA', 'Abilene, TX']",2019-08-29,Light rain shower
"['Los Angeles, CA', 'Abilene, TX']",2019-08-30,Light rain shower
"['Los Angeles, CA', 'Abilene, TX']",2019-08-31,Light rain shower
"['Los Angeles, CA', 'Abilene, TX']",2019-09-01,Cloudy
"['Los Angeles, CA', 'Abilene, TX']",2019-09-02,Sunny
"['Los Angeles, CA', 'Abilene, TX']",2019-09-03,Sunny
"['Los Angeles, CA', 'Abilene, TX']",2019-09-04,Sunny
"['Los Angeles, CA', 'Abilene, TX']",2019-09-05,Overcast
"['Los Angeles, CA', 'Abilene, TX']",2019-09-06,Light rain shower
"['Los Angeles, CA', 'Abilene, TX']",2019-09-07,Light rain shower
"['Los Angeles, CA', 'Abilene, TX']",2019-09-08,Heavy rain
"['Los Angeles, CA', 'Abilene, TX']",2019-09-09,Light rain shower
"['Los Angeles, CA', 'Abilene, TX']",2019-09-10,Sunny
"['Los Angeles, CA', 'Abilene, TX']",2019-09-11,Light rain
"['Los Angeles, CA', 'Abilene, TX']",2019-09-12,Moderate rain
"['Los Angeles, CA', 'Abilene, TX']",2019-09-13,Light rain shower
"['Los Angeles, CA', 'Abilene, TX']",2019-09-14,Light rain shower
"['Los Angeles, CA', 'Abilene, TX']",2019-09-15,Light rain shower
"['Los Angeles, CA', 'Abilene, TX']",2019-09-16,Overcast
"['Los Angeles, CA', 'Abilene, TX']",2019-09-17,Light rain shower
"['Los Angeles, CA', 'Abilene, TX']",2019-09-18,Light rain shower
"['Los Angeles, CA', 'Abilene, TX']",2019-09-19,Light rain shower
"['Los Angeles, CA', 'Abilene, TX']",2019-09-20,Light rain shower
"['Los Angeles, CA', 'Abilene, TX']",2019-09-21,Cloudy
"['Los Angeles, CA', 'Abilene, TX']",2019-09-22,Partly cloudy
"['Los Angeles, CA', 'Abilene, TX']",2019-09-23,Overcast
"['Los Angeles, CA', 'Abilene, TX']",2019-09-24,Mist
"['Los Angeles, CA', 'Abilene, TX']",2019-09-25,Mist
"['Los Angeles, CA', 'Abilene, TX']",2019-09-26,Overcast
"['Los Angeles, CA', 'Abilene, TX']",2019-09-27,Overcast
"['Los Angeles, CA', 'Abilene, TX']",2019-09-28,Light rain shower
"['Los Angeles, CA', 'Abilene, TX']",2019-09-29,Light rain shower
"['Los Angeles, CA', 'Abilene, TX']",2019-09-30,Patchy rain possible
"['Los Angeles, CA', 'Abilene, TX']",2019-10-01,Patchy rain possible
"['Los Angeles, CA', 'Abilene, TX']",2019-10-02,Sunny
"['Los Angeles, CA', 'Abilene, TX']",2019-10-03,Partly cloudy
"['Los Angeles, CA', 'Abilene, TX']",2019-10-04,Light rain shower
"['Los Angeles, CA', 'Abilene, TX']",2019-10-05,Overcast
"['Los Angeles, CA', 'Abilene, TX']",2019-10-06,Light rain shower
"['Los Angeles, CA', 'Abilene, TX']",2019-10-07,Light rain shower
"['Los Angeles, CA', 'Abilene, TX']",2019-10-08,Light rain shower
"['Los Angeles, CA', 'Abilene, TX']",2019-10-09,Moderate rain
"['Los Angeles, CA', 'Abilene, TX']",2019-10-10,Heavy rain
"['Los Angeles, CA', 'Abilene, TX']",2019-10-11,Moderate rain
"['Los Angeles, CA', 'Abilene, TX']",2019-10-12,Light rain shower
"['Los Angeles, CA', 'Abilene, TX']",2019-10-13,Sunny
"['Los Angeles, CA', 'Abilene, TX']",2019-10-14,Partly cloudy
"['Los Angeles, CA', 'Abilene, TX']",2019-10-15,Light drizzle
"['Los Angeles, CA', 'Abilene, TX']",2019-10-16,Sunny
"['Los Angeles, CA', 'Abilene, TX']",2019-10-17,Light rain shower
"['Los Angeles, CA', 'Abilene, TX']",2019-10-18,Cloudy
"['Los Angeles, CA', 'Abilene, TX']",2019-10-19,Sunny
"['Los Angeles, CA', 'Abilene, TX']",2019-10-20,Heavy rain
"['Los Angeles, CA', 'Abilene, TX']",2019-10-21,Patchy rain possible
"['Los Angeles, CA', 'Abilene, TX']",2019-10-22,Partly cloudy
"['Los Angeles, CA', 'Abilene, TX']",2019-10-23,Partly cloudy
"['Los Angeles, CA', 'Abilene, TX']",2019-10-24,Patchy light drizzle
"['Los Angeles, CA', 'Abilene, TX']",2019-10-25,Moderate or heavy rain with thunder
"['Los Angeles, CA', 'Abilene, TX']",2019-10-26,Light rain shower
"['Los Angeles, CA', 'Abilene, TX']",2019-10-27,Light rain shower
"['Los Angeles, CA', 'Abilene, TX']",2019-10-28,Moderate or heavy rain with thunder
"['Los Angeles, CA', 'Abilene, TX']",2019-10-29,Light rain shower
"['Los Angeles, CA', 'Abilene, TX']",2019-10-30,Overcast
"['Los Angeles, CA', 'Abilene, TX']",2019-10-31,Light rain shower
"['Los Angeles, CA', 'Abilene, TX']",2019-11-01,Moderate rain
"['Los Angeles, CA', 'Abilene, TX']",2019-11-02,Overcast
"['Los Angeles, CA', 'Abilene, TX']",2019-11-03,Light rain
"['Los Angeles, CA', 'Abilene, TX']",2019-11-04,Light rain shower
"['Los Angeles, CA', 'Abilene, TX']",2019-11-05,Overcast
"['Los Angeles, CA', 'Abilene, TX']",2019-11-06,Light rain shower
"['Los Angeles, CA', 'Abilene, TX']",2019-11-07,Sunny
"['Los Angeles, CA', 'Abilene, TX']",2019-11-08,Partly cloudy
"['Los Angeles, CA', 'Abilene, TX']",2019-11-09,Partly cloudy
"['Los Angeles, CA', 'Abilene, TX']",2019-11-10,Partly cloudy
"['Los Angeles, CA', 'Abilene, TX']",2019-11-11,Partly cloudy
"['Los Angeles, CA', 'Abilene, TX']",2019-11-12,Partly cloudy
"['Los Angeles, CA', 'Abilene, TX']",2019-11-13,Light rain shower
"['Los Angeles, CA', 'Abilene, TX']",2019-11-14,Light rain
"['Los Angeles, CA', 'Abilene, TX']",2019-11-15,Moderate rain
"['Los Angeles, CA', 'Abilene, TX']",2019-11-16,Light rain shower
"['Los Angeles, CA', 'Abilene, TX']",2019-11-17,Light rain shower
"['Los Angeles, CA', 'Abilene, TX']",2019-11-18,Light rain shower
"['Los Angeles, CA', 'Abilene, TX']",2019-11-19,Moderate or heavy rain shower
"['Los Angeles, CA', 'Abilene, TX']",2019-11-20,Partly cloudy
"['Los Angeles, CA', 'Abilene, TX']",2019-11-21,Patchy rain possible
"['Los Angeles, CA', 'Abilene, TX']",2019-11-22,Partly cloudy
"['Los Angeles, CA', 'Abilene, TX']",2019-11-23,Moderate rain
"['Los Angeles, CA', 'Abilene, TX']",2019-11-24,Moderate rain
"['Los Angeles, CA', 'Abilene, TX']",2019-11-25,Light rain shower
"['Los Angeles, CA', 'Abilene, TX']",2019-11-26,Light rain shower
"['Los Angeles, CA', 'Abilene, TX']",2019-11-27,Light rain shower
"['Los Angeles, CA', 'Abilene, TX']",2019-11-28,Heavy rain
"['Los Angeles, CA', 'Abilene, TX']",2019-11-29,Light rain shower
"['Los Angeles, CA', 'Abilene, TX']",2019-11-30,Light rain shower
"['Los Angeles, CA', 'Abilene, TX']",2019-12-01,Overcast
"['Los Angeles, CA', 'Abilene, TX']",2019-12-02,Light rain shower
"['Los Angeles, CA', 'Abilene, TX']",2019-12-03,Cloudy
"['Los Angeles, CA', 'Abilene, TX']",2019-12-04,Overcast
"['Los Angeles, CA', 'Abilene, TX']",2019-12-05,Patchy rain possible
"['Los Angeles, CA', 'Abilene, TX']",2019-12-06,Partly cloudy
"['Los Angeles, CA', 'Abilene, TX']",2019-12-07,Partly cloudy
"['Los Angeles, CA', 'Abilene, TX']",2019-12-08,Cloudy
"['Los Angeles, CA', 'Abilene, TX']",2019-12-09,Light rain shower
"['Los Angeles, CA', 'Abilene, TX']",2019-12-10,Light drizzle
"['Los Angeles, CA', 'Abilene, TX']",2019-12-11,Light rain shower
"['Los Angeles, CA', 'Abilene, TX']",2019-12-12,Overcast
"['Los Angeles, CA', 'Abilene, TX']",2019-12-13,Moderate rain at times
"['Los Angeles, CA', 'Abilene, TX']",2019-12-14,Patchy rain possible
"['Los Angeles, CA', 'Abilene, TX']",2019-12-15,Patchy rain possible
"['Los Angeles, CA', 'Abilene, TX']",2019-12-16,Patchy rain possible
"['Los Angeles, CA', 'Abilene, TX']",2019-12-17,Moderate rain
"['Los Angeles, CA', 'Abilene, TX']",2019-12-18,Moderate rain at times
"['Los Angeles, CA', 'Abilene, TX']",2019-12-19,Light rain shower
"['Los Angeles, CA', 'Abilene, TX']",2019-12-20,Light rain shower
"['Los Angeles, CA', 'Abilene, TX']",2019-12-21,Partly cloudy
"['Los Angeles, CA', 'Abilene, TX']",2019-12-22,Heavy rain
"['Los Angeles, CA', 'Abilene, TX']",2019-12-23,Light rain shower
"['Los Angeles, CA', 'Abilene, TX']",2019-12-24,Patchy rain possible
"['Los Angeles, CA', 'Abilene, TX']",2019-12-25,Light rain shower
"['Los Angeles, CA', 'Abilene, TX']",2019-12-26,Light rain shower
"['Los Angeles, CA', 'Abilene, TX']",2019-12-27,Heavy rain
"['Los Angeles, CA', 'Abilene, TX']",2019-12-28,Sunny
"['Los Angeles, CA', 'Abilene, TX']",2019-12-29,Overcast
"['Los Angeles, CA', 'Abilene, TX']",2019-12-30,Sunny
"['Los Angeles, CA', 'Abilene, TX']",2019-12-31,Sunny
